{"TaxRate":0.07,"InputPrices":[10.49,12,15.89,9.99],"TaxInclusivePrices":{"10.49":11.224300000000001,"12.00":12.84,"15.89":17.0023,"9.99":10.689300000000001}}
