{"TaxRate":0.1,"InputPrices":[10.49,12,15.89,9.99],"TaxInclusivePrices":{"10.49":11.539000000000001,"12.00":13.200000000000001,"15.89":17.479000000000003,"9.99":10.989}}
